﻿<?xml version="1.0" encoding="utf-8"?>
<DATAXML>
  <DATA>
    <C_MALH>LH001</C_MALH>
    <C_LOAIHANG>Gạo</C_LOAIHANG>    
  </DATA>
  <DATA>
    <C_MALH>LH001</C_MALH>
    <C_LOAIHANG>Gạo</C_LOAIHANG>   
  </DATA>
  <DATA>
    <C_MALH>LH001</C_MALH>
    <C_LOAIHANG>Gạo</C_LOAIHANG>   
  </DATA>
 <DATA>
    <C_MALH>LH001</C_MALH>
    <C_LOAIHANG>Gạo</C_LOAIHANG>   
  </DATA>
 <DATA>
    <C_MALH>LH001</C_MALH>
    <C_LOAIHANG>Gạo</C_LOAIHANG>   
  </DATA>
 <DATA>
    <C_MALH>LH001</C_MALH>
    <C_LOAIHANG>Gạo</C_LOAIHANG>   
  </DATA>
 <DATA>
    <C_MALH>LH001</C_MALH>
    <C_LOAIHANG>Gạo</C_LOAIHANG>   
  </DATA>

</DATAXML>